[
    {
        "stand_id": 1,
        "location": {
            "lat": 22.279266,
            "lng": 114.164627
        },
        "status": {
            "en": "Urban Taxi Stand",
            "zh_Hant": "市區的士站"
        },
        "address": {
            "en": "Admiralty MTR Station (1) Urban Taxi Stand",
            "zh_Hant": "金鐘港鐵站 （1）"
        },
        "isUrban": true,
        "isCrossHarbour": false,
        "isNTTaxi": false,
        "isLantauTaxi": false,
        "order_count": {
            "00": 12,
            "01": 16,
            "02": 12,
            "03": 3,
            "04": 7,
            "05": 5,
            "06": 4,
            "07": 7,
            "08": 8,
            "09": 5,
            "10": 10,
            "11": 5,
            "12": 9,
            "13": 6,
            "14": 6,
            "15": 3,
            "16": 2,
            "17": 4,
            "18": 1,
            "19": 0,
            "20": 2,
            "21": 2,
            "22": 6,
            "23": 17
        }
    },
    {
        "stand_id": 2,
        "location": {
            "lat": 22.2791867687407,
            "lng": 114.164468513925
        },
        "status": {
            "en": "Urban Taxi Stand",
            "zh_Hant": "市區的士站"
        },
        "address": {
            "en": "Admiralty MTR Station (2) Urban Taxi Stand",
            "zh_Hant": "金鐘港鐵站 （2）"
        },
        "isUrban": true,
        "isCrossHarbour": false,
        "isNTTaxi": false,
        "isLantauTaxi": false,
        "order_count": {
            "00": 3,
            "01": 3,
            "02": 1,
            "03": 1,
            "04": 2,
            "05": 0,
            "06": 0,
            "07": 0,
            "08": 3,
            "09": 0,
            "10": 4,
            "11": 6,
            "12": 0,
            "13": 0,
            "14": 0,
            "15": 1,
            "16": 1,
            "17": 0,
            "18": 0,
            "19": 0,
            "20": 0,
            "21": 0,
            "22": 0,
            "23": 2
        }
    },
    {
        "stand_id": 3,
        "location": {
            "lat": 22.2870429,
            "lng": 114.1595296
        },
        "status": {
            "en": "Cross Harbour Taxi Stand",
            "zh_Hant": "過海的士站"
        },
        "address": {
            "en": "Between Central Ferry Piers Nos. 5 and 6 Cross Harbour Taxi Stand",
            "zh_Hant": "介乎中環五號及六號碼頭之間"
        },
        "isUrban": false,
        "isCrossHarbour": true,
        "isNTTaxi": false,
        "isLantauTaxi": false,
        "order_count": {
            "00": 6,
            "01": 6,
            "02": 1,
            "03": 5,
            "04": 2,
            "05": 2,
            "06": 1,
            "07": 6,
            "08": 2,
            "09": 3,
            "10": 3,
            "11": 1,
            "12": 5,
            "13": 1,
            "14": 4,
            "15": 2,
            "16": 1,
            "17": 1,
            "18": 0,
            "19": 0,
            "20": 1,
            "21": 1,
            "22": 2,
            "23": 0
        }
    },
    {
        "stand_id": 4,
        "location": {
            "lat": 22.286767,
            "lng": 114.160274
        },
        "status": {
            "en": "Urban Taxi Stand",
            "zh_Hant": "市區的士站"
        },
        "address": {
            "en": "Between Central Ferry Piers Nos. 6 and 7 Urban Taxi Stand",
            "zh_Hant": "介乎中環六號及七號碼頭之間"
        },
        "isUrban": true,
        "isCrossHarbour": false,
        "isNTTaxi": false,
        "isLantauTaxi": false,
        "order_count": {
            "00": 2,
            "01": 4,
            "02": 8,
            "03": 1,
            "04": 5,
            "05": 5,
            "06": 5,
            "07": 1,
            "08": 2,
            "09": 4,
            "10": 3,
            "11": 1,
            "12": 5,
            "13": 1,
            "14": 4,
            "15": 4,
            "16": 0,
            "17": 0,
            "18": 1,
            "19": 1,
            "20": 0,
            "21": 0,
            "22": 1,
            "23": 2
        }
    },
    {
        "stand_id": 5,
        "location": {
            "lat": 22.2860808766163,
            "lng": 114.161478445697
        },
        "status": {
            "en": "Urban Taxi Stand",
            "zh_Hant": "市區的士站"
        },
        "address": {
            "en": "Between Central Ferry Piers Nos. 7 and 8 \n(new Star Ferry Piers) Urban Taxi Stand",
            "zh_Hant": "介乎中環七號及八號碼頭之間 （新天星碼頭）"
        },
        "isUrban": true,
        "isCrossHarbour": false,
        "isNTTaxi": false,
        "isLantauTaxi": false,
        "order_count": {
            "00": 16,
            "01": 24,
            "02": 45,
            "03": 28,
            "04": 38,
            "05": 26,
            "06": 29,
            "07": 44,
            "08": 48,
            "09": 34,
            "10": 59,
            "11": 21,
            "12": 12,
            "13": 6,
            "14": 12,
            "15": 11,
            "16": 6,
            "17": 1,
            "18": 1,
            "19": 0,
            "20": 1,
            "21": 1,
            "22": 9,
            "23": 8
        }
    },
    {
        "stand_id": 6,
        "location": {
            "lat": 22.2817337,
            "lng": 114.1261406
        },
        "status": {
            "en": "Cross Harbour Taxi Stand",
            "zh_Hant": "過海的士站"
        },
        "address": {
            "en": "Cadogan Street  Cross Harbour Taxi Stand",
            "zh_Hant": "加多近街"
        },
        "isUrban": false,
        "isCrossHarbour": true,
        "isNTTaxi": false,
        "isLantauTaxi": false,
        "order_count": {
            "00": 6,
            "01": 3,
            "02": 1,
            "03": 0,
            "04": 5,
            "05": 8,
            "06": 1,
            "07": 0,
            "08": 1,
            "09": 2,
            "10": 3,
            "11": 1,
            "12": 0,
            "13": 1,
            "14": 4,
            "15": 2,
            "16": 6,
            "17": 0,
            "18": 1,
            "19": 0,
            "20": 3,
            "21": 0,
            "22": 0,
            "23": 5
        }
    },
    {
        "stand_id": 7,
        "location": {
            "lat": 22.28764,
            "lng": 114.15684
        },
        "status": {
            "en": "Urban Taxi Stand",
            "zh_Hant": "市區的士站"
        },
        "address": {
            "en": "Central Ferry Pier No. 2 Urban Taxi Stand",
            "zh_Hant": "中環二號碼頭"
        },
        "isUrban": true,
        "isCrossHarbour": false,
        "isNTTaxi": false,
        "isLantauTaxi": false,
        "order_count": {
            "00": 4,
            "01": 9,
            "02": 4,
            "03": 4,
            "04": 2,
            "05": 2,
            "06": 3,
            "07": 5,
            "08": 2,
            "09": 1,
            "10": 8,
            "11": 5,
            "12": 2,
            "13": 3,
            "14": 6,
            "15": 0,
            "16": 1,
            "17": 0,
            "18": 1,
            "19": 0,
            "20": 0,
            "21": 1,
            "22": 1,
            "23": 2
        }
    },
    {
        "stand_id": 8,
        "location": {
            "lat": 22.281737,
            "lng": 114.158463
        },
        "status": {
            "en": "Cross Harbour Taxi Stand",
            "zh_Hant": "過海的士站"
        },
        "address": {
            "en": "Chater Road (outside Alexandra House)  Cross Harbour Taxi Stand",
            "zh_Hant": "遮打道 （歷山大廈） "
        },
        "isUrban": false,
        "isCrossHarbour": true,
        "isNTTaxi": false,
        "isLantauTaxi": false,
        "order_count": {
            "00": 1,
            "01": 3,
            "02": 2,
            "03": 4,
            "04": 0,
            "05": 0,
            "06": 0,
            "07": 0,
            "08": 0,
            "09": 2,
            "10": 1,
            "11": 0,
            "12": 1,
            "13": 0,
            "14": 0,
            "15": 1,
            "16": 0,
            "17": 0,
            "18": 0,
            "19": 0,
            "20": 0,
            "21": 0,
            "22": 0,
            "23": 0
        }
    },
    {
        "stand_id": 9,
        "location": {
            "lat": 22.281715,
            "lng": 114.15855
        },
        "status": {
            "en": "Urban Taxi Stand",
            "zh_Hant": "市區的士站"
        },
        "address": {
            "en": "Chater Road (outside Alexandra House)  Urban Taxi Stand",
            "zh_Hant": "遮打道 （歷山大廈） "
        },
        "isUrban": true,
        "isCrossHarbour": false,
        "isNTTaxi": false,
        "isLantauTaxi": false,
        "order_count": {
            "00": 0,
            "01": 1,
            "02": 1,
            "03": 1,
            "04": 0,
            "05": 0,
            "06": 0,
            "07": 0,
            "08": 0,
            "09": 0,
            "10": 1,
            "11": 0,
            "12": 0,
            "13": 1,
            "14": 0,
            "15": 1,
            "16": 0,
            "17": 0,
            "18": 0,
            "19": 0,
            "20": 0,
            "21": 0,
            "22": 0,
            "23": 0
        }
    },
    {
        "stand_id": 10,
        "location": {
            "lat": 22.28715,
            "lng": 114.135802
        },
        "status": {
            "en": "Cross Harbour Taxi Stand",
            "zh_Hant": "過海的士站"
        },
        "address": {
            "en": "Connaught Road West no. 188 Cross Harbour Taxi Stand",
            "zh_Hant": "干諾道西第188號"
        },
        "isUrban": false,
        "isCrossHarbour": true,
        "isNTTaxi": false,
        "isLantauTaxi": false,
        "order_count": {
            "00": 14,
            "01": 5,
            "02": 7,
            "03": 4,
            "04": 2,
            "05": 6,
            "06": 2,
            "07": 3,
            "08": 8,
            "09": 0,
            "10": 3,
            "11": 5,
            "12": 3,
            "13": 3,
            "14": 6,
            "15": 5,
            "16": 0,
            "17": 1,
            "18": 0,
            "19": 0,
            "20": 0,
            "21": 0,
            "22": 3,
            "23": 5
        }
    }
]